name_of_city,state_code,state_name,population_total,0-6_population_total,literates_total,sex_ratio,child_sex_ratio,effective_literacy_rate_total,total_graduates,literacy_ratio,literacy_rate_ratio,graduates_ratio,lat,long
Abohar,3,Punjab,145238,15870,103319,890,848,79.86,16287,770,860,891,30.1452928,74.1993043
Achalpur,27,Maharashtra,112293,11810,92433,928,909,91.99,8863,873,939,682,21.257584,77.5086754
Adilabad,28,Andhra Pradesh,117388,13103,83955,982,947,80.51,10565,813,824,554,19.0809075,79.560344
Adityapur,20,Jharkhand,173988,23042,125985,902,910,83.46,19225,762,847,577,22.7834741,86.1576889
Adoni,28,Andhra Pradesh,166537,18406,101292,1013,968,68.38,11902,802,787,512,15.6322227,77.2728368
Agartala,16,Tripura,399688,33635,343633,1002,940,93.88,52711,968,961,744,23.831457,91.2867777
Agra,9,Uttar Pradesh,1574542,186516,880530,853,772,63.44,185813,747,865,751,27.1766701,78.0080745
Ahmadabad,24,Gujarat,5570585,589076,4464303,897,853,89.62,769858,814,902,768,23.022505,72.5713621
Ahmadnagar,27,Maharashtra,350905,36712,287468,952,859,91.49,51661,881,914,731,19.0952075,74.7495916
Aizawl,15,Mizoram,291822,35147,253588,1029,989,98.8,26832,1024,990,800,23.727107,92.7176389
Ajmer,8,Rajasthan,542580,59437,422913,946,884,87.53,77989,834,874,837,26.4498954,74.6399163
Akbarpur,9,Uttar Pradesh,111594,14037,75062,939,937,76.94,9745,778,828,676,26.4407468,82.5537514
Akola,27,Maharashtra,427146,46500,347687,958,899,91.34,49715,893,926,725,20.7059345,77.0219019
Alandur,33,Tamil Nadu,164162,14486,142415,997,975,95.15,45971,957,957,805,12.9974873,80.2006371
Alappuzha,32,Kerala,174164,15434,153269,1076,945,96.56,22263,1058,971,1248,9.4980667,76.3388484
Aligarh,9,Uttar Pradesh,872575,113658,533969,884,875,70.36,99341,757,854,775,27.8973944,78.0880129
Allahabad,9,Uttar Pradesh,1117094,102556,877590,858,876,86.5,233129,779,910,686,25.4358011,81.846311
Alwar,8,Rajasthan,315310,34576,243634,889,833,86.78,58764,756,843,664,27.5529907,76.6345735
Ambala,6,Haryana,196216,19645,155780,895,834,88.23,34943,832,922,962,30.3781788,76.7766974
Ambala Sadar,6,Haryana,104268,9646,83236,922,841,87.97,20618,915,983,928,30.3248708,76.8432663
Ambarnath,27,Maharashtra,254003,27465,201707,910,906,89.04,26596,812,892,841,19.1825167,73.1926023
Ambattur,33,Tamil Nadu,478134,45216,401253,982,960,92.69,97186,922,936,860,13.1143167,80.1480551
Ambikapur,22,Chhattisgarh,114575,12995,89590,920,887,88.2,20857,830,898,686,23.1354921,83.1817856
Ambur,33,Tamil Nadu,113856,12150,88309,1031,955,86.83,7813,943,906,539,12.7903613,78.7166084
Amravati,27,Maharashtra,646801,62497,543568,957,910,93.03,91996,910,946,787,20.9374238,77.7795513
Amreli,24,Gujarat,105980,9885,85975,921,835,89.47,11305,840,903,718,21.6031774,71.2220832
Amritsar,3,Punjab,1132761,109540,872527,879,824,85.27,140359,825,931,1027,31.6339793,74.8722642
Amroha,9,Uttar Pradesh,197135,26855,108772,918,946,63.88,13879,794,869,817,28.9043537,78.4673426
Anand,24,Gujarat,197351,19993,166211,928,881,93.71,29803,879,941,719,22.5645175,72.928871
Anantapur,28,Andhra Pradesh,262340,23630,195452,995,904,81.88,43700,853,849,595,14.6818877,77.6005911
Anantnag,1,Jammu & Kashmir,108505,18056,71408,937,874,78.95,12666,803,846,737,33.7311255,75.1487007
Arrah,10,Bihar,261099,34419,189080,874,875,83.41,35354,753,862,411,25.5560443,84.6603307
Asansol,19,West Bengal,564491,56014,431300,922,908,84.82,65625,822,890,631,23.6739452,86.9523954
Ashoknagar Kalyangarh,19,West Bengal,123906,8885,106337,981,947,92.45,11992,919,934,690,22.84039,88.6241351
Aurangabad,27,Maharashtra,1171330,151827,908725,919,859,89.13,159308,826,890,649,19.8761653,75.3433139
Avadi,33,Tamil Nadu,344701,33414,275881,969,965,88.63,51647,893,921,861,13.1067448,80.0969511
Azamgarh,9,Uttar Pradesh,110980,12629,85008,912,860,86.43,19911,824,897,703,26.0737044,83.1859458
Badlapur,27,Maharashtra,175516,17194,146259,914,890,92.38,25115,853,931,809,19.1667854,73.2367896
Bagaha,10,Bihar,113012,19070,56998,885,946,60.67,3744,640,732,358,27.1221959,84.0722375
Bagalkot,29,Karnataka,112068,12399,85860,972,915,86.15,14090,841,859,558,16.1725355,75.6557206
Bahadurgarh,6,Haryana,170426,20374,132108,858,784,88.04,22521,744,857,729,28.6924464,76.9239727
Baharampur,19,West Bengal,195363,13228,164445,945,962,90.29,32154,900,953,633,24.0988265,88.2679264
Bahraich,9,Uttar Pradesh,186241,22828,122602,890,895,75.03,20490,842,947,776,27.7525271,81.4278984
Baidyabati,19,West Bengal,121081,8154,100590,936,958,89.08,17224,890,952,670,22.795783,88.3190717
Baleshwar Town,21,Orissa,118202,11115,95084,960,955,88.79,23170,887,924,646,21.4869337,86.9246005
Ballia,9,Uttar Pradesh,104271,10798,80964,872,868,86.62,16114,780,895,571,25.7584381,84.1487319
Bally,19,West Bengal,291972,31859,216902,863,1185,83.39,36100,814,982,628,22.6500518,88.3423199
Bally City,19,West Bengal,115715,9584,95665,930,964,90.14,12354,856,923,633,22.6500518,88.3423199
Balurghat,19,West Bengal,151183,9391,130230,998,974,91.85,23732,945,945,632,25.2372834,88.7830612
Banda,9,Uttar Pradesh,154388,17697,113857,878,893,83.3,24015,755,862,578,25.4796224,80.3380213
Bankura,19,West Bengal,138036,10760,111073,951,956,87.27,19082,842,886,548,23.2324146,87.0786044
Bansberia,19,West Bengal,103799,8721,81514,929,930,85.73,8566,824,887,627,22.951904,88.4070629
Banswara,8,Rajasthan,100128,12244,76438,954,855,86.98,13852,846,873,767,23.5461394,74.4349761
Baran,8,Rajasthan,118157,14845,83879,926,893,81.19,11553,739,795,569,25.1011438,76.5131637
Baranagar,19,West Bengal,248466,15016,215849,935,947,92.46,49711,887,950,758,22.6383016,88.3654386
Barasat,19,West Bengal,283443,21468,236881,972,964,90.42,45516,915,940,676,22.7228159,88.480552
Baraut,9,Uttar Pradesh,102733,13536,69559,884,832,77.98,12672,743,832,762,29.0998902,77.2606149
Barddhaman,19,West Bengal,314638,22104,260564,959,940,89.07,52387,887,923,620,23.2324214,87.8614793
Bareilly,9,Uttar Pradesh,898167,94915,563619,881,890,70.17,110691,781,887,812,28.3670355,79.4304381
Baripada Town,21,Orissa,110058,9933,89421,931,900,89.31,17589,847,908,605,21.9322338,86.7516942
Barnala,3,Punjab,116454,12984,82347,869,830,79.59,12665,786,899,1038,30.3819446,75.5467979
Barrackpur,19,West Bengal,154475,10671,128459,943,922,89.33,29910,884,936,707,22.7674278,88.3883455
Barshi,27,Maharashtra,118573,13029,91260,948,845,86.47,13351,826,859,558,18.2333856,75.6941478
Basirhat,19,West Bengal,127135,10719,102737,974,947,88.25,20037,905,927,658,22.6574017,88.8671766
Basti,9,Uttar Pradesh,114651,12568,87065,907,921,85.29,20183,796,879,672,26.8176796,82.7633133
Batala,3,Punjab,156400,14698,121138,897,831,85.49,16436,832,921,1024,31.8183238,75.2070644
Bathinda,3,Punjab,285813,30713,211318,883,865,82.84,43428,777,878,932,30.210994,74.9454745
Beawar,8,Rajasthan,145809,17709,110111,946,880,85.96,13767,798,836,667,26.1007337,74.3190747
Begusarai,10,Bihar,251136,37966,169161,875,897,79.35,24616,753,865,492,25.416675,86.1293792
Belgaum,29,Karnataka,488292,49848,396736,982,936,90.49,64200,902,914,703,15.8496953,74.4976741
Bellary,29,Karnataka,409644,49587,281768,988,957,78.26,36855,838,844,601,15.1393932,76.9214428
Bengaluru,29,Karnataka,8425970,862493,6775942,914,940,89.59,1591163,848,931,751,12.9716,77.5946
Bettiah,10,Bihar,132896,18203,94663,888,880,82.54,13438,801,901,433,26.8028048,84.5169757
Betul,23,Madhya Pradesh,103341,11005,83356,953,907,90.27,17125,876,913,726,21.9108031,77.9011842
Bhadrak,21,Orissa,107369,12251,76928,949,949,80.88,13311,847,893,625,21.0582737,86.4958396
Bhadravati,29,Karnataka,150776,14000,118446,1010,975,86.6,12406,904,892,755,13.8329901,75.7080727
Bhadreswar,19,West Bengal,101334,8981,80249,901,921,86.89,9225,803,894,606,22.8275529,88.3456516
Bhagalpur,10,Bihar,398138,53775,279469,878,916,81.16,49656,779,893,473,25.3478004,86.9824288
Bhalswa Jahangir Pur,7,Nct Of Delhi,197150,27653,130417,855,884,76.94,8348,713,838,616,28.757322,77.1544
Bharatpur,8,Rajasthan,252109,31538,181159,880,829,82.13,33411,714,805,611,27.216981,77.489515
Bharuch,24,Gujarat,168729,16106,133796,942,916,87.66,14059,866,917,712,21.7051358,72.9958748
Bhatpara,19,West Bengal,390467,32498,307362,878,925,85.86,29055,786,899,601,22.8562412,88.406454
Bhavnagar,24,Gujarat,593768,62089,455242,919,838,85.62,51875,807,869,711,21.7644725,72.1519304
Bhilai Nagar,22,Chhattisgarh,625697,67131,487242,942,917,87.23,81620,821,869,865,21.1938475,81.3509416
Bhilwara,8,Rajasthan,360009,45832,264762,915,893,84.27,41788,761,828,681,25.321377,74.586953
Bhimavaram,28,Andhra Pradesh,142280,12157,108535,1031,977,83.41,18298,954,921,585,16.544893,81.521241
Bhind,23,Madhya Pradesh,197332,24486,145530,872,838,84.2,20470,734,837,488,26.4450034,78.7476208
Bhiwadi,8,Rajasthan,104883,16884,70987,755,859,80.67,10135,588,798,600,28.2088218,76.8445999
Bhiwandi,27,Maharashtra,711329,88613,507722,700,934,81.53,24688,612,912,713,19.2812547,73.0482912
Bhiwani,6,Haryana,197662,22507,147807,876,809,84.39,28123,759,857,647,28.7751693,75.9927652
Bhopal,23,Madhya Pradesh,1795648,206967,1354219,911,917,85.24,282813,825,907,819,23.2599333,77.412615
Bhubaneswar Town,21,Orissa,837737,75237,710243,882,902,93.15,200788,829,943,651,20.2960587,85.8245398
Bhuj,24,Gujarat,147123,15894,114822,889,900,87.5,16457,789,889,725,23.2419997,69.6669324
Bhusawal,27,Maharashtra,187750,19440,152103,942,852,90.37,19815,865,907,760,21.0455204,75.8010962
Bid,27,Maharashtra,146237,19580,112171,933,843,88.56,19030,834,880,553,18.9890893,75.7600785
Bidar,29,Karnataka,211944,25077,163781,937,914,87.65,25910,830,883,540,17.9148799,77.5046101
Bidhan Nagar,19,West Bengal,218323,12786,185885,960,967,90.44,65863,904,942,842,22.5867296,88.4170988
Biharsharif,10,Bihar,296889,43646,189420,916,918,74.8,28092,718,783,371,25.1982147,85.5148735
Bijapur,29,Karnataka,326360,39134,239631,976,911,83.43,37265,863,875,530,16.8301708,75.710031
Bikaner,8,Rajasthan,647804,82264,451663,900,901,79.86,73369,741,823,631,28.0229348,73.3119159
Bilaspur,22,Chhattisgarh,330106,36448,260654,945,902,88.76,67396,846,890,745,22.0796251,82.1391412
Bokaro Steel City,20,Jharkhand,413934,48834,310127,881,874,84.94,61034,730,828,545,23.6692956,86.151112
Bongaon,19,West Bengal,110668,8452,92253,962,927,90.25,10286,890,923,538,23.0440381,88.827703
Botad,24,Gujarat,130302,16654,94563,922,874,83.21,4578,774,833,527,22.1704232,71.6684269
Brahmapur Town,21,Orissa,355823,29509,293818,917,898,90.04,50782,841,915,558,19.3149618,84.7940911
Budaun,9,Uttar Pradesh,159221,19613,101914,907,882,73.0,19204,819,899,793,28.0337088,79.1205419
Bulandshahr,9,Uttar Pradesh,222826,28936,153135,906,821,78.98,32546,772,840,758,28.406963,77.8498292
Bundi,8,Rajasthan,102823,12047,75482,929,877,83.15,13148,770,822,627,25.4305144,75.6499025
Burari,7,Nct Of Delhi,145584,18134,113188,872,849,88.81,17914,765,873,608,28.7535212,77.1948241
Burhanpur,23,Madhya Pradesh,210891,28107,149339,948,921,81.7,15203,845,887,630,21.3193875,76.2224273
Buxar,10,Bihar,102591,13639,75752,896,879,85.16,12464,778,866,397,25.4987785,84.1435136
Champdani,19,West Bengal,110983,11604,81883,872,929,82.39,7167,746,862,539,22.8049456,88.3409338
Chandannagar,19,West Bengal,166949,10716,141572,981,943,90.62,30933,928,943,724,22.8647723,88.36326
Chandausi,9,Uttar Pradesh,114254,14417,72515,897,865,72.63,15436,798,885,829,28.4480507,78.7796105
Chandigarh,4,Chandigarh,960787,104192,743254,829,860,86.77,189312,744,901,865,30.7333148,76.7794179
Chandrapur,27,Maharashtra,321036,30353,263962,944,906,90.81,37686,852,898,767,19.9704597,79.3014845
Chapra,10,Bihar,201597,27668,141403,897,906,81.3,22852,790,882,454,25.7795649,84.7498886
Chas,20,Jharkhand,141618,17774,105417,888,886,85.12,15277,743,837,464,23.6388375,86.1700894
Chennai,33,Tamil Nadu,4681087,418541,3850472,986,964,90.33,879695,920,932,804,13.0826802,80.2707184
Chhattarpur,23,Madhya Pradesh,133626,16381,99154,893,859,84.57,20807,794,885,666,24.728683,79.560344
Chhindwara,23,Madhya Pradesh,138266,13745,112532,963,946,90.37,28233,878,911,758,22.057437,78.9381729
Chikmagalur,29,Karnataka,118496,10931,96586,1013,952,89.79,13204,941,923,774,13.315258,75.7754018
Chilakaluripet,28,Andhra Pradesh,101550,9525,66336,1023,938,72.08,9526,818,793,511,16.0924301,80.1623948
Chitradurga,29,Karnataka,139914,14282,111514,990,943,88.76,16857,914,918,650,14.2305594,76.3984537
Chittaurgarh,8,Rajasthan,116409,14067,86945,933,882,84.96,16833,788,838,704,24.8887435,74.6269216
Chittoor,28,Andhra Pradesh,153766,13569,121094,1008,908,86.37,21345,901,885,645,13.2218054,79.1010442
Churu,8,Rajasthan,119846,16334,77751,940,919,75.11,8756,688,729,490,28.3174965,74.9851678
Coimbatore,33,Tamil Nadu,1061447,96261,885471,999,963,91.74,168145,933,931,929,11.0168445,76.9558321
Cuddalore,33,Tamil Nadu,173361,15940,139388,1025,955,88.54,21572,933,904,794,11.744699,79.7680243
Cuttack,21,Orissa,606007,48585,508188,997,916,91.17,110147,866,863,660,20.462521,85.8829895
Dabgram,19,West Bengal,118464,14472,76930,951,949,73.98,2532,798,838,486,26.6954603,88.4415998
Dallo Pura,7,Nct Of Delhi,154955,18832,111514,903,891,81.92,17134,775,857,727,28.6004677,77.319462
Damoh,23,Madhya Pradesh,124979,14712,96043,919,915,87.1,16544,810,881,698,23.8380986,79.4421731
Darbhanga,10,Bihar,294116,40392,205203,898,905,80.88,38605,774,864,444,26.111868,85.896004
Darjiling,19,West Bengal,120414,6547,107242,1003,903,94.18,16319,960,951,848,27.0360066,88.2626751
Datia,23,Madhya Pradesh,100466,12218,71071,898,864,80.54,12717,755,836,597,25.6653262,78.4609393
Davanagere,29,Karnataka,435128,44545,331551,973,946,84.89,40740,886,908,634,14.4663438,75.9238397
Deesa,24,Gujarat,111149,14192,78219,893,822,80.67,5933,719,796,503,24.2585031,72.1906721
Dehradun,5,Uttarakhand,578420,59180,463791,906,873,89.32,136036,841,924,926,30.3164945,78.0321918
Dehri,10,Bihar,137068,18372,98968,896,920,83.38,14780,754,845,435,24.9277351,84.1909841
Delhi,7,Nct Of Delhi,11007835,1209275,8583105,875,866,87.6,2221137,796,909,835,28.7041,77.1025
Delhi Cantonment,7,Nct Of Delhi,116352,13214,93971,719,821,91.11,17317,644,912,793,28.5961279,77.1587375
Deoghar,20,Jharkhand,203116,25929,153807,876,864,86.8,27126,756,861,411,24.4763201,86.6913222
Deoli,7,Nct Of Delhi,169410,22526,123167,858,877,83.85,13046,709,829,500,28.4962152,77.2376414
Deoria,9,Uttar Pradesh,129570,13821,102802,912,908,88.81,25206,812,890,597,26.4270039,83.804868
Dewas,23,Madhya Pradesh,289438,34435,218877,927,901,85.83,29848,788,847,697,22.9622672,76.0507949
Dhanbad,20,Jharkhand,1161561,146463,820008,887,908,80.78,104768,730,826,511,23.7956531,86.4303859
Dharmavaram,28,Andhra Pradesh,121992,11963,79037,962,857,71.83,7560,755,775,443,14.4137447,77.7126189
Dhaulpur,8,Rajasthan,126142,17199,83405,862,818,76.56,11782,699,804,534,26.7025181,77.893391
Dhule,27,Maharashtra,376093,43677,298693,940,879,89.86,38164,860,907,636,20.9042201,74.7748979
Dibrugarh,18,Assam,138661,11862,113822,925,940,89.77,20878,872,945,707,27.4728327,94.9119621
Dimapur,13,Nagaland,123777,14438,95646,904,966,87.48,12902,853,952,733,25.8629885,93.7536663
Dinapur Nizamat,10,Bihar,182241,25092,123199,876,873,78.4,19777,740,844,442,25.6328264,85.0597137
Dindigul,33,Tamil Nadu,207225,18230,171130,1013,960,90.55,23327,936,919,842,10.3673123,77.9802906
Dum Dum,19,West Bengal,117637,6678,103757,927,917,93.51,25287,915,987,769,22.6470514,88.431683
Durg,22,Chhattisgarh,268679,29165,210639,968,939,87.94,38428,849,874,794,21.1904494,81.2849169
Durgapur,19,West Bengal,566937,50512,453604,926,946,87.84,80060,835,903,674,23.5204443,87.3119227
Eluru,28,Andhra Pradesh,214414,18125,145516,1028,1003,74.13,23523,952,924,650,16.7106604,81.0952431
English Bazar,19,West Bengal,216083,33211,154875,877,781,84.69,28983,878,981,666,25.0108408,88.1410967
Erode,33,Tamil Nadu,156953,13675,126638,1010,972,88.39,19615,909,897,764,11.3410364,77.7171642
Etah,9,Uttar Pradesh,118632,14164,90289,884,851,86.43,21588,805,906,656,27.5587505,78.662567
Etawah,9,Uttar Pradesh,256790,28922,188887,891,863,82.89,38404,805,901,672,26.8458148,79.1096901
Faizabad,9,Uttar Pradesh,167544,16479,130700,920,903,86.52,30658,860,934,795,26.7732476,82.1441643
Faridabad,6,Haryana,1404653,176773,1042168,872,845,84.88,219974,760,868,786,28.4089123,77.3177894
Farrukhabad-cum-Fatehgarh,9,Uttar Pradesh,275754,32342,182356,895,865,74.92,31160,800,890,721,27.3826126,79.5940544
Fatehpur,9,Uttar Pradesh,193801,22078,133418,907,863,77.69,25076,789,864,664,25.8499808,80.8986502
Firozabad,9,Uttar Pradesh,603797,82439,365347,877,893,70.08,36145,752,860,699,27.1591006,78.3957574
Firozpur,3,Punjab,110091,11516,78615,885,839,79.75,14939,808,907,1003,30.9331348,74.6224755
Gadag-Betigeri,29,Karnataka,172813,18419,132094,1006,935,85.56,15926,886,873,602,15.4324651,75.6380337
Gandhidham,24,Gujarat,248705,31224,181253,879,909,83.34,24431,741,848,738,23.075297,70.133673
Gandhinagar,24,Gujarat,208299,18851,177510,903,809,93.7,52343,856,938,681,23.2156354,72.6369415
Ganganagar,8,Rajasthan,224773,24768,166449,859,814,83.22,34347,745,862,807,29.9038399,73.8771901
Gangapur City,8,Rajasthan,119045,16098,82132,892,852,79.78,9850,668,743,464,26.4846537,76.7278803
Gangawati,29,Karnataka,105354,13122,70630,1000,956,76.58,6927,809,804,522,15.431874,76.5314817
Gaya,10,Bihar,463454,59015,346747,886,906,85.74,56679,783,887,459,24.7954523,84.999431
Ghazipur,9,Uttar Pradesh,110698,12689,83755,904,873,85.46,18840,800,880,650,25.5840419,83.5770202
Giridih,20,Jharkhand,114447,15446,84897,910,895,85.75,15112,818,897,490,24.2841482,86.0937312
Godhra,24,Gujarat,143126,17364,111571,938,920,88.72,12053,835,888,591,22.7788044,73.6142795
Gokal Pur,7,Nct Of Delhi,121938,15299,90904,878,847,85.24,15993,755,856,693,28.703423,77.2840105
Gonda,9,Uttar Pradesh,114353,12289,82739,955,898,81.07,17212,805,837,689,27.1339913,81.9618968
Gondal,24,Gujarat,112064,11591,86139,918,823,85.73,10557,828,890,758,21.9619463,70.792297
Gondiya,27,Maharashtra,132889,12835,112490,991,929,93.7,18563,915,918,824,21.4624491,80.2209773
Gorakhpur,9,Uttar Pradesh,671048,62205,523441,898,887,85.97,123723,800,889,692,26.7605545,83.3731675
Greater Hyderabad,28,Andhra Pradesh,6809970,725816,5047705,945,942,82.96,1164149,877,928,698,17.385,78.4867
Greater Mumbai,27,Maharashtra,12478447,1139146,10237586,852,902,90.28,1802371,787,929,867,19.076,72.8777
Greater Noida,9,Uttar Pradesh,107676,15517,79757,836,823,86.54,20791,738,881,755,28.4743879,77.5039904
Gudivada,28,Andhra Pradesh,118289,9952,89009,1007,959,82.16,12523,912,902,689,16.4410255,80.9926327
Gulbarga,29,Karnataka,532031,69146,387470,953,917,83.71,65039,837,874,612,17.329731,76.8342957
Guna,23,Madhya Pradesh,180978,23757,128463,912,877,81.71,22104,755,823,647,24.6348197,77.2979782
Guntakal,28,Andhra Pradesh,126479,12614,86197,1017,942,75.7,11626,815,795,571,15.1674091,77.3736238
Guntur,28,Andhra Pradesh,651382,59486,480068,1016,963,81.11,94432,899,881,622,16.3066525,80.4365402
Gurgaon,6,Haryana,876824,108623,662969,844,846,86.3,233817,776,920,848,28.4594965,77.0266383
Guwahati,18,Assam,963429,86806,798726,918,1009,91.11,184065,873,959,718,26.1445169,91.7362365
Gwalior,23,Madhya Pradesh,1053505,114190,800325,878,827,85.2,169264,767,867,691,26.2182871,78.1828308
Habra,19,West Bengal,149675,11211,125800,956,933,90.85,13824,891,930,592,22.8488542,88.6639591
Hajipur,10,Bihar,147126,20090,100691,873,879,79.26,16319,750,860,435,25.6858392,85.2145907
Haldia,19,West Bengal,200762,21122,159984,915,956,89.06,17487,815,896,621,22.0666742,88.0698118
Haldwani-cum-Kathgodam,5,Uttarakhand,156060,19783,111410,905,903,81.75,34329,836,923,930,29.2182644,79.5129767
Halisahar,19,West Bengal,126893,10600,103789,904,923,89.25,10802,823,912,617,22.9441261,88.4193259
Hanumangarh,8,Rajasthan,151104,17947,104285,893,848,78.32,16870,741,824,690,29.5815012,74.3294199
Haora,19,West Bengal,1072161,83010,888817,913,924,89.86,151490,860,943,664,22.5957689,88.2636394
Hapur,9,Uttar Pradesh,262801,36714,170325,881,852,75.34,28472,731,825,778,28.7305798,77.7758825
Hardoi,9,Uttar Pradesh,126890,13040,99217,901,878,87.15,29166,821,909,653,27.2978965,80.1875065
Hardwar,5,Uttarakhand,225235,25950,169371,874,873,84.99,38835,792,906,920,29.9456906,78.1642478
Hassan,29,Karnataka,133723,12670,109564,1015,944,90.51,21042,970,949,785,13.0068142,76.0995519
Hastsal,7,Nct Of Delhi,177033,23920,129653,862,872,84.68,12901,722,839,593,28.6377129,77.0490264
Hathras,9,Uttar Pradesh,137509,16686,95524,874,834,79.06,18612,771,877,765,27.6056212,78.0537813
Hazaribag,20,Jharkhand,142494,16100,113693,919,897,89.95,28889,844,916,577,23.9966213,85.3691068
Hindaun,8,Rajasthan,105690,15451,69108,881,852,76.58,7964,645,728,505,26.7454967,77.0330481
Hindupur,28,Andhra Pradesh,151835,16309,103538,982,974,76.4,11050,843,858,595,13.8185378,77.4988753
Hinganghat,27,Maharashtra,100416,9681,85599,936,871,94.34,11256,871,924,684,20.5505728,78.8411405
Hisar,6,Haryana,301249,33514,216978,844,860,81.04,49148,733,870,778,29.1491875,75.7216527
Hoshangabad,23,Madhya Pradesh,117956,13012,92317,915,868,87.97,18980,812,882,714,22.744108,77.736967
Hoshiarpur,3,Punjab,168443,16836,135094,908,834,89.11,26629,862,941,1037,31.5143178,75.911483
Hospet,29,Karnataka,206159,26478,143776,1003,960,80.02,17556,850,842,661,15.2688542,76.3909241
Hosur,33,Tamil Nadu,116821,13288,91358,966,970,88.24,15530,894,925,881,12.7409127,77.8252923
Hubli-Dharwad,29,Karnataka,943857,99989,736506,983,949,87.28,113864,891,903,687,15.3647083,75.1239547
Hugli-Chinsurah,19,West Bengal,177209,11409,152437,992,980,91.94,31236,934,941,741,22.8858771,88.3919026
Ichalkaranji,27,Maharashtra,287570,32880,223752,921,889,87.85,22644,806,871,652,16.7090008,74.4560807
Imphal,14,Manipur ,264986,25877,219261,1055,939,91.7,63915,978,915,882,24.8170111,93.9368439
Indore,23,Madhya Pradesh,1960631,225111,1516434,921,886,87.38,313525,831,898,799,22.7195687,75.8577258
Jabalpur,23,Madhya Pradesh,1054336,107882,841399,929,901,88.9,169711,854,916,840,23.181467,79.9864071
Jagadhri,6,Haryana,124915,13635,95469,844,822,85.79,18738,779,920,911,30.1680858,77.2969204
Jagdalpur,22,Chhattisgarh,125345,13804,95303,961,919,85.44,16223,836,865,746,19.0740973,82.008014
Jaipur,8,Rajasthan,3073350,378788,2272724,898,854,84.34,533148,772,854,670,26.9124336,75.7872709
Jalandhar,3,Punjab,862196,83669,665625,882,866,85.5,128924,831,939,1025,31.3260152,75.5761829
Jalgaon,27,Maharashtra,460468,51544,363778,909,806,88.96,55315,833,903,668,21.0076578,75.5626039
Jalna,27,Maharashtra,285349,37695,209531,932,886,84.61,23959,801,853,559,19.8296893,75.8800305
Jalpaiguri,19,West Bengal,107351,8075,90455,997,958,91.11,20252,945,945,754,26.5434772,88.7205256
Jamalpur,10,Bihar,105221,12298,81192,871,867,87.38,10638,766,879,484,25.312717,86.4906091
Jammu,1,Jammu & Kashmir,503690,42655,413366,898,829,89.66,121564,833,921,853,32.7266016,74.8570259
Jamnagar,24,Gujarat,529308,51106,394919,916,862,82.58,52049,825,894,763,22.4707019,70.05773
Jamshedpur,20,Jharkhand,629659,64098,494893,920,887,87.5,110962,827,894,726,22.8045665,86.2028754
Jamuria,19,West Bengal,144971,17556,93152,918,947,73.11,5436,712,779,372,23.7060688,87.0774107
Jaunpur,9,Uttar Pradesh,168128,18033,123245,895,908,82.11,24871,812,908,674,25.7490034,82.6987002
Jehanabad,10,Bihar,102456,14516,70052,867,884,79.66,8901,756,874,344,25.1515827,84.981754
Jetpur Navagadh,24,Gujarat,118550,12295,89110,902,839,83.86,8846,793,872,891,21.7615246,70.6276279
Jhansi,9,Uttar Pradesh,507293,51762,381771,892,868,83.81,78757,780,872,735,25.4484257,78.5684594
Jhunjhunun,8,Rajasthan,118966,16563,76183,922,864,74.4,10403,694,745,604,28.1288747,75.3995089
Jind,6,Haryana,166225,18825,123267,877,831,83.63,21508,733,830,706,29.3211153,76.3058328
Jodhpur,8,Rajasthan,1033918,126543,740011,900,898,81.56,140922,753,836,669,26.2389469,73.0243094
Junagadh,24,Gujarat,320250,27375,259563,952,868,88.63,36910,863,899,760,21.522184,70.4578768
Kadapa,28,Andhra Pradesh,341823,36299,242540,990,923,79.38,41997,839,841,536,14.4673541,78.8241339
Kaithal,6,Haryana,144633,16690,103329,887,823,80.76,18095,746,833,787,29.7856734,76.3984537
Kakinada,28,Andhra Pradesh,312255,27181,231559,1046,973,81.23,47823,965,916,624,16.9890648,82.2474648
Kalol,24,Gujarat,112126,12035,88768,888,831,88.69,14208,795,888,638,23.2463895,72.5086513
Kalyani,19,West Bengal,100620,7604,82553,978,955,88.75,17457,893,912,785,22.9750855,88.4345078
Kamarhati,19,West Bengal,336579,23863,275870,925,936,88.22,50367,869,940,711,22.6846668,88.3706491
Kancheepuram,33,Tamil Nadu,164265,14464,132348,1003,973,88.35,18625,903,897,723,12.8341735,79.7036402
Kanchrapara,19,West Bengal,122181,8532,103194,978,936,90.8,13808,903,920,670,22.944101,88.4335019
Kanpur,9,Uttar Pradesh,2767031,251127,2116973,842,853,84.14,459611,805,958,836,26.449923,80.3318736
Kanpur City,9,Uttar Pradesh,108035,10750,77484,847,914,79.65,12635,757,902,846,26.449923,80.3318736
Karaikkudi,33,Tamil Nadu,106793,9940,88380,999,970,91.25,11778,916,914,822,10.0731315,78.7801544
Karawal Nagar,7,Nct Of Delhi,224666,30985,163801,868,837,84.57,14478,726,832,532,28.7283102,77.276926
Karimnagar,28,Andhra Pradesh,260899,25035,204614,980,951,86.75,52034,857,872,567,18.4385553,79.1288412
Karnal,6,Haryana,286974,31291,220711,892,807,86.32,52911,814,901,909,29.6856929,76.9904825
Kasganj,9,Uttar Pradesh,101241,13043,69289,892,827,78.56,13306,779,864,698,27.8129344,78.649785
Kashipur,5,Uttarakhand,121610,14381,89433,911,846,83.4,20036,824,895,863,29.2104232,78.9618845
Katihar,10,Bihar,225982,31036,155706,897,933,79.87,24259,777,872,418,25.552048,87.5718609
Khammam,28,Andhra Pradesh,184252,17131,136532,1024,930,81.7,29400,907,877,597,17.2472528,80.1514447
Khandwa,23,Madhya Pradesh,200681,24079,153609,951,902,86.98,24431,860,898,782,21.8257334,76.352571
Khanna,3,Punjab,128130,13218,97022,890,828,84.43,16767,826,921,1025,30.697852,76.2112286
Kharagpur,19,West Bengal,206923,17731,163915,939,952,86.64,24881,840,896,714,22.34601,87.2319753
Khardaha,19,West Bengal,111130,6579,99848,957,932,95.5,21522,932,973,760,22.7002943,88.3753455
Khargone,23,Madhya Pradesh,106452,13378,77216,947,906,82.96,12584,821,862,624,21.90287,75.8069082
Khora,9,Uttar Pradesh,189410,26599,140013,845,854,86.0,10482,703,834,433,28.753915,77.3999054
Khurja,9,Uttar Pradesh,111089,15510,64643,896,824,67.63,10529,744,819,764,28.2513538,77.8538797
Kirari Suleman Nagar,7,Nct Of Delhi,282598,40720,191624,858,925,79.22,10621,694,820,447,28.6967948,77.0643614
Kishanganj,10,Bihar,107076,17017,67286,923,946,74.71,7847,795,865,417,26.0917422,87.9383822
Kishangarh,8,Rajasthan,155019,21765,106809,929,876,80.15,13054,742,790,601,26.5870344,74.856397
Kochi,32,Kerala,601574,52466,535318,1028,953,97.49,115773,1018,983,1122,9.9312328,76.2673041
Kolar,29,Karnataka,138553,15993,102978,978,985,84.02,11508,902,924,642,13.1357446,78.1325611
Kolhapur,27,Maharashtra,549283,49914,459999,956,832,92.12,92443,883,911,757,16.7049873,74.2432527
Kolkata,19,West Bengal,4486679,300052,3648210,899,930,87.14,818476,855,953,773,22.572646,88.363895
Kollam,32,Kerala,349033,31304,292641,1077,954,92.1,39521,1050,964,1231,8.8932118,76.6141396
Korba,22,Chhattisgarh,363210,45354,267900,927,936,84.28,38726,765,827,653,22.3594501,82.7500595
Kota,8,Rajasthan,1001365,118139,738795,890,876,83.65,128652,747,838,751,25.2138156,75.8647527
Kozhikode,32,Kerala,432097,41574,378033,1093,960,96.8,61225,1083,978,1210,11.2587531,75.78041
Krishnanagar,19,West Bengal,152203,10794,128574,984,919,90.92,21326,940,950,700,23.4008744,88.5013962
Kulti,19,West Bengal,313977,33375,214889,917,927,76.58,19371,741,810,502,23.7370306,86.8370937
Kumbakonam,33,Tamil Nadu,140113,11972,117500,1020,985,91.7,16862,949,927,782,10.9616945,79.3881132
Kurichi,33,Tamil Nadu,125800,12092,102816,996,979,90.42,13160,918,921,900,11.5707716,77.6966143
Kurnool,28,Andhra Pradesh,424920,44264,297490,1006,935,78.15,60589,874,861,610,15.8281257,78.0372792
Lakhimpur,9,Uttar Pradesh,152010,16307,114526,876,872,84.39,25967,808,923,726,27.9490794,80.7824012
Lalitpur,9,Uttar Pradesh,133041,16193,98108,913,925,83.96,17013,773,848,658,24.6878597,78.4120206
Latur,27,Maharashtra,382754,45822,291226,932,850,86.43,42355,819,868,530,18.4087934,76.5603828
Loni,9,Uttar Pradesh,512296,76231,328096,871,885,75.24,15572,690,795,543,28.7316438,77.3008506
Lucknow,9,Uttar Pradesh,2815601,280817,2147564,915,901,84.72,596990,849,926,828,26.8466937,80.946166
Ludhiana,3,Punjab,1613878,173021,1230218,845,871,85.38,211267,779,926,1029,30.900965,75.8572758
Machilipatnam,28,Andhra Pradesh,170008,13778,130173,1035,947,83.32,19872,962,922,661,16.1905457,81.1361543
Madanapalle,28,Andhra Pradesh,135669,13448,99486,1012,937,81.4,16385,877,859,630,13.5603491,78.5036065
Madavaram,33,Tamil Nadu,118525,11835,96308,988,957,90.27,18525,908,916,819,13.147819,80.2309861
Madhyamgram,19,West Bengal,198964,15248,165630,978,963,90.16,27584,910,930,686,22.6925015,88.465448
Madurai,33,Tamil Nadu,1016885,91497,845990,997,956,91.42,129719,920,920,755,9.9252007,78.1197754
Mahbubnagar,28,Andhra Pradesh,157902,16791,119626,988,917,84.77,30286,863,866,596,16.7375089,78.0081221
Mahesana,24,Gujarat,184133,17337,151773,894,762,90.99,27191,814,896,669,23.5879607,72.3693252
Maheshtala,19,West Bengal,449423,43469,335440,945,957,82.63,33247,866,917,667,22.511976,88.2509941
Mainpuri,9,Uttar Pradesh,117327,14300,88548,908,849,85.95,18745,836,912,725,27.2177405,79.1096901
Malegaon,27,Maharashtra,471006,74494,343611,969,941,86.66,22830,897,921,710,20.5547497,74.5100291
Malerkotla,3,Punjab,135330,16315,83606,895,950,70.25,9767,772,870,868,30.5232076,75.8882508
Mandoli,7,Nct Of Delhi,120345,16212,84053,877,897,80.72,7274,731,837,582,28.7041396,77.313921
Mandsaur,23,Madhya Pradesh,141468,15721,109135,955,898,86.79,18225,836,869,668,24.076836,75.0692952
Mandya,29,Karnataka,137735,13269,105938,1003,944,85.11,16203,910,901,643,12.5221567,76.9009191
Mangalore,29,Karnataka,484785,41471,416863,1014,930,94.03,78097,971,949,1002,12.9141417,74.8559568
Mango,20,Jharkhand,224002,28258,169548,927,913,86.62,28682,824,887,672,22.834024,86.219577
Mathura,9,Uttar Pradesh,349336,41888,235976,872,859,76.75,44357,753,861,701,27.4924134,77.673673
Maunath Bhanjan,9,Uttar Pradesh,279060,40651,187382,948,952,78.6,20775,822,868,689,25.9496379,83.5586445
Medinipur,19,West Bengal,169127,14365,139303,981,979,90.01,28498,909,926,652,22.4308892,87.3214908
Meerut,9,Uttar Pradesh,1309023,163910,889729,898,851,77.7,174025,779,861,828,28.9844618,77.7064137
Mira Bhayander,27,Maharashtra,814655,84238,684165,876,885,93.67,118506,821,939,796,19.2952325,72.8543897
Miryalaguda,28,Andhra Pradesh,103855,10435,76693,995,948,82.09,13377,839,838,539,16.8753106,79.5659633
Mirzapur-cum-Vindhyachal,9,Uttar Pradesh,233691,27774,161128,869,879,78.25,25846,743,856,592,25.1336987,82.5644344
Modinagar,9,Uttar Pradesh,130161,14181,104383,882,778,90.0,24695,790,883,831,28.8316307,77.5779592
Moga,3,Punjab,150432,15502,110764,886,857,82.09,17762,824,927,1125,30.8164603,75.1717093
Moradabad,9,Uttar Pradesh,889810,110376,550637,908,903,70.65,91999,820,903,879,28.8386481,78.7733286
Morena,23,Madhya Pradesh,200506,26454,139903,850,807,80.38,21351,674,788,472,26.4933562,77.9909949
Morvi,24,Gujarat,188278,21854,140779,924,862,84.59,15195,808,867,800,22.8119895,70.8236195
Motihari,10,Bihar,125183,16325,94926,856,836,87.2,19550,794,924,433,26.6469624,84.9088938
Mughalsarai,9,Uttar Pradesh,110110,13997,79611,901,897,82.83,11758,757,840,623,25.2814947,83.1198203
Muktsar,3,Punjab,117085,13639,79979,888,831,77.31,11785,777,867,987,30.4766391,74.511172
Munger,10,Bihar,213101,29260,150435,883,910,81.83,19988,778,886,445,25.3747561,86.4735251
Murwara,23,Madhya Pradesh,221875,25168,171966,922,892,87.42,27011,814,880,747,23.7473807,80.365865
Mustafabad,7,Nct Of Delhi,127012,19370,81915,903,903,76.1,4462,716,794,512,28.7113968,77.2681086
Muzaffarnagar,9,Uttar Pradesh,392451,48692,278405,897,844,80.99,58965,797,881,858,29.4726817,77.7085091
Muzaffarpur,10,Bihar,351838,42276,263638,890,897,85.16,61914,811,912,525,26.1208876,85.3647201
Mysore,29,Karnataka,887446,77988,702896,1000,945,86.84,149306,935,930,756,12.2958104,76.6393805
Nabadwip,19,West Bengal,125528,8388,102793,922,938,87.75,10083,849,922,553,23.4036446,88.3676393
Nadiad,24,Gujarat,218150,19994,174931,941,851,88.28,27432,851,895,690,22.6915853,72.8633635
Nagaon,18,Assam,116355,11388,98068,971,1043,93.43,15273,861,893,735,26.3463713,92.6840426
Nagapattinam,33,Tamil Nadu,102838,11308,81913,1024,930,89.49,8469,933,900,728,10.7656082,79.8423888
Nagaur,8,Rajasthan,100618,12974,64028,927,876,73.05,7812,722,772,450,27.1991222,73.740924
Nagda,23,Madhya Pradesh,100036,11053,72618,946,893,81.61,9844,781,820,724,23.4454599,75.4169918
Nagercoil,33,Tamil Nadu,224329,19034,195748,1037,983,95.35,34342,1006,966,926,8.1832857,77.4118996
Nagpur,27,Maharashtra,2405421,237865,2018598,961,921,93.13,382282,903,935,898,21.1458004,79.0881546
Naihati,19,West Bengal,221762,17442,183458,966,926,89.79,23181,898,926,670,22.8928724,88.4220324
Nalgonda,28,Andhra Pradesh,135163,13562,105885,995,959,87.08,26575,887,888,570,17.0575707,79.2620294
Nanded Waghala,27,Maharashtra,550564,68181,421606,924,872,87.4,57736,821,881,513,19.1428869,77.303723
Nandurbar,27,Maharashtra,111067,12621,85635,930,838,86.99,11451,834,885,538,21.7468548,74.123996
Nandyal,28,Andhra Pradesh,200746,20588,138525,992,920,76.89,22411,828,828,541,15.4785694,78.4830934
Nangloi Jat,7,Nct Of Delhi,205497,28274,147805,867,858,83.4,12692,729,840,631,28.6841206,77.0632942
Narasaraopet,28,Andhra Pradesh,116329,10445,84123,975,938,79.45,13872,836,855,544,16.2353506,80.0479039
Nashik,27,Maharashtra,1486973,169753,1198144,894,856,90.96,204014,819,911,745,19.9974533,73.7898023
Navi Mumbai,27,Maharashtra,1119477,124015,911542,831,901,91.57,192624,755,918,792,19.0330488,73.0296625
Navi Mumbai Panvel Raigarh,27,Maharashtra,194999,25679,153608,809,884,90.72,22631,729,913,668,18.9894007,73.1175162
Navsari,24,Gujarat,160100,15754,128822,931,869,89.25,17425,855,912,890,20.9467019,72.9520348
Neemuch,23,Madhya Pradesh,128108,14950,97156,903,914,85.86,16428,771,856,699,24.4763852,74.8624092
Nellore,28,Andhra Pradesh,505258,42041,387192,966,937,83.59,67787,879,908,599,14.4425987,79.986456
New Delhi,7,Nct Of Delhi,249998,20857,208352,832,869,90.93,63573,758,915,798,28.6139,77.209
Neyveli,33,Tamil Nadu,105687,6634,90114,978,898,90.98,18507,882,897,904,11.5432364,79.4760133
Nizamabad,28,Andhra Pradesh,310467,34256,221829,1001,968,80.31,34574,854,850,567,18.6725047,78.0940867
Noida,9,Uttar Pradesh,642381,83530,495045,822,877,88.58,143014,729,896,772,28.5355161,77.3910265
North Barrackpur,19,West Bengal,134825,8265,119954,979,918,94.78,23047,940,957,751,22.7902358,88.367179
North Dum Dum,19,West Bengal,253625,17290,217371,972,949,91.98,40842,924,949,701,22.6658076,88.4258483
Ongole,28,Andhra Pradesh,202826,18673,153888,994,935,83.57,32491,869,869,576,15.5057232,80.049922
Orai,9,Uttar Pradesh,187185,20031,139256,880,845,83.31,29393,752,850,550,26.00864,79.4478858
Osmanabad,27,Maharashtra,112085,13346,87041,929,858,88.15,14303,829,883,512,18.2069636,76.1783739
Ozhukarai,34,Puducherry,300028,29214,244264,1025,959,90.2,50682,928,899,789,11.9475611,79.7793932
Palakkad,32,Kerala,131019,11614,112479,1053,959,94.2,16827,1006,947,994,10.7867303,76.6547932
Palanpur,24,Gujarat,127125,14382,97459,915,841,86.44,15127,767,829,543,24.174051,72.4330989
Pali,8,Rajasthan,229956,30566,156858,916,880,78.67,16234,692,750,507,25.7710893,73.3234478
Pallavaram,33,Tamil Nadu,216308,20936,182201,996,978,93.26,50503,941,944,811,12.9673484,80.1526888
Palwal,6,Haryana,127931,15662,90937,884,818,81.0,15837,747,836,707,28.1487362,77.3320262
Panchkula,6,Haryana,210175,22111,165235,883,839,87.86,62655,817,919,908,30.6942091,76.860565
Panihati,19,West Bengal,383522,24678,332924,984,959,92.78,58667,937,951,715,22.6983108,88.3991789
Panipat,6,Haryana,294150,35477,218023,870,843,84.29,37873,777,890,969,29.3909464,76.9635023
Panvel,27,Maharashtra,180464,17512,153138,938,901,93.98,39613,895,950,889,18.9894007,73.1175162
Parbhani,27,Maharashtra,307191,40075,225298,949,891,84.34,30035,820,856,532,19.2609958,76.776665
Patan,24,Gujarat,125502,12287,99129,912,865,87.56,13430,792,863,594,23.8493246,72.1266255
Pathankot,3,Punjab,148357,13496,119483,906,802,88.6,24038,847,924,1007,32.2643375,75.6421121
Patiala,3,Punjab,405164,39155,316093,879,859,86.36,86697,813,923,998,30.3397809,76.3868797
Patna,10,Bihar,1683200,190496,1264523,882,864,84.71,307603,820,927,544,25.5940947,85.1375645
Pilibhit,9,Uttar Pradesh,130428,11767,88119,894,917,74.26,17508,833,934,753,28.6207939,79.8128649
Pimpri Chinchwad,27,Maharashtra,1729359,216695,1374986,828,861,90.9,249581,751,912,762,18.6297811,73.7997094
Pithampur,23,Madhya Pradesh,126099,20438,87417,787,880,82.73,5150,617,802,408,22.613252,75.6822899
Porbandar,24,Gujarat,152136,13867,119545,938,870,86.46,9853,834,882,737,21.6417069,69.6292654
Port Blair,35,Andaman & Nicobar Islands,100608,9358,81908,889,929,89.76,12420,823,930,849,11.6233774,92.7264828
Proddatur,28,Andhra Pradesh,162816,15516,115011,1001,940,78.08,18151,822,816,532,14.7491864,78.5531577
Puducherry,34,Puducherry,241773,22412,195861,1045,993,89.29,37830,950,904,794,11.9138598,79.8144722
Pudukkottai,33,Tamil Nadu,117215,10853,98054,1000,950,92.19,15104,930,925,825,10.379663,78.8208454
Pune,27,Maharashtra,3115431,324572,2556743,945,896,91.61,656508,878,924,880,18.5204303,73.8567437
Puri,21,Orissa,201026,17000,164481,928,902,89.38,27062,858,922,593,19.8133822,85.8314655
Purnia,10,Bihar,280547,41046,178381,895,947,74.48,28193,770,869,424,25.7771391,87.4752551
Puruliya,19,West Bengal,121436,11491,90534,942,955,82.34,14793,800,850,543,23.3320779,86.365208
Rae Bareli,9,Uttar Pradesh,191056,18866,142863,914,908,82.97,34959,819,896,733,26.2345298,81.2408689
Raichur,29,Karnataka,232456,27924,158452,980,955,77.47,22445,821,835,555,16.2120031,77.3439283
Raiganj,19,West Bengal,183682,20547,133215,902,943,81.66,16788,838,934,611,25.6185295,88.1255837
Raigarh,22,Chhattisgarh,137097,16576,105512,952,919,87.55,20161,829,866,650,21.8974003,83.3949632
Raipur,22,Chhattisgarh,1010087,124471,769593,945,929,86.9,147194,831,877,744,21.2513844,81.6296413
Rajahmundry,28,Andhra Pradesh,343903,29883,264653,1026,972,84.28,53604,941,913,629,17.0005383,81.8040345
Rajapalayam,33,Tamil Nadu,130119,10504,103172,1013,956,86.25,11024,888,872,692,9.4653377,77.5275463
Rajarhat Gopalpur,19,West Bengal,404991,34088,337188,970,964,90.91,73182,919,947,741,22.6321975,88.4540911
Rajkot,24,Gujarat,1286995,131841,1026040,905,828,88.82,148048,834,913,875,22.3038945,70.8021599
Rajnandgaon,22,Chhattisgarh,163122,18677,127042,992,943,87.95,19640,864,865,734,21.0971034,81.0302222
Rajpur Sonarpur,19,West Bengal,423806,31588,357154,962,952,91.06,68707,895,930,700,22.4490894,88.3914731
Ramagundam,28,Andhra Pradesh,229632,16967,160646,964,897,75.54,27209,790,815,575,18.7595503,79.4816378
Rampur,9,Uttar Pradesh,325248,37945,174508,915,923,60.74,30319,833,912,894,25.4842209,82.5916032
Ranchi,20,Jharkhand,1073440,122353,841652,920,899,88.49,200849,832,901,660,23.3440997,85.309562
Ranibennur,29,Karnataka,106365,11572,85298,972,934,89.98,9747,972,996,592,14.6113428,75.6382657
Raniganj,19,West Bengal,128624,14833,89293,915,912,78.47,9719,776,848,561,23.6290575,87.0923906
Ratlam,23,Madhya Pradesh,264810,28413,207742,961,922,87.88,36589,856,886,753,23.3341696,75.0376325
Raurkela Industrial Township,21,Orissa,210412,20399,164546,916,886,86.6,22887,815,887,824,22.1993143,84.8620054
Raurkela Town,21,Orissa,273217,29050,214744,885,899,87.95,38314,793,897,699,22.260423,84.8535844
Rewa,23,Madhya Pradesh,235422,24234,185291,889,846,87.74,41109,788,882,618,24.5372927,81.30418
Rewari,6,Haryana,140864,15986,110205,886,785,88.25,22539,779,866,739,28.1927631,76.6239423
Rishra,19,West Bengal,124585,11430,100581,866,900,88.89,14585,791,917,543,22.7244023,88.3287896
Robertson Pet,29,Karnataka,146428,13322,119258,1023,1013,89.6,13400,945,922,906,12.9551189,78.2698622
Rohtak,6,Haryana,373133,40715,279509,887,793,84.08,65881,795,884,835,28.8955152,76.606611
Roorkee,5,Uttarakhand,118188,11596,96674,861,830,90.7,30594,792,916,839,29.8542626,77.8880002
Rudrapur,5,Uttarakhand,140884,19727,88700,897,907,73.21,14678,725,810,788,28.9875082,79.4141214
S.A.S. Nagar,3,Punjab,146104,13155,123930,911,886,93.22,57323,874,957,903,30.6496486,76.7567368
Sagar,23,Madhya Pradesh,273357,32171,217632,916,924,90.23,39717,827,904,695,23.838805,78.7378068
Saharanpur,9,Uttar Pradesh,703345,88501,479218,891,882,77.94,80749,805,902,887,29.967079,77.5510172
Saharsa,10,Bihar,155175,24582,101425,879,918,77.66,18307,728,835,385,25.8834961,86.6006249
Salem,33,Tamil Nadu,831038,73218,642662,987,955,84.8,93297,880,889,717,11.664325,78.1460142
Sambalpur,21,Orissa,183383,18555,141329,938,882,85.74,26095,846,896,611,21.4668716,83.9811665
Sambhal,9,Uttar Pradesh,221334,34279,92608,908,936,49.51,10580,802,888,830,28.5903614,78.5717631
Sangli Miraj Kupwad,27,Maharashtra,502697,51536,397395,969,872,88.08,60752,868,885,780,16.8541887,74.6049061
Santipur,19,West Bengal,151774,12975,113028,970,976,81.43,7213,870,898,526,23.2645399,88.4380966
Sasaram,10,Bihar,147396,19363,105378,897,900,82.31,18844,789,879,429,24.949036,84.0314295
Satara,27,Maharashtra,120079,11023,101320,966,890,92.91,22292,903,926,816,17.6804639,74.018261
Satna,23,Madhya Pradesh,280248,31822,214468,895,873,86.33,37695,780,869,611,24.6005075,80.8322428
Sawai Madhopur,8,Rajasthan,120998,15286,85472,914,871,80.85,13480,694,754,501,26.0377772,76.3521514
Secunderabad,28,Andhra Pradesh,213698,19802,170148,914,958,87.75,42492,830,913,782,17.4399295,78.4982741
Sehore,23,Madhya Pradesh,108818,12859,82066,933,907,85.52,13887,826,881,719,23.205012,77.0850781
Seoni,23,Madhya Pradesh,102377,10413,83832,955,905,91.16,16335,868,903,706,22.0868691,79.5434841
Serampore,19,West Bengal,183339,12817,153460,940,958,89.99,30060,880,938,697,22.748331,88.3385053
Shahjahanpur,9,Uttar Pradesh,327975,36606,200804,894,885,68.92,33510,792,885,830,27.8295801,79.8296743
Shamli,9,Uttar Pradesh,107233,13724,76650,874,798,81.97,13343,763,862,841,29.4507575,77.3152116
Shikohabad,9,Uttar Pradesh,107300,12956,77060,882,823,81.68,15351,790,888,683,27.1061756,78.5881674
Shillong,17,Meghalaya,143007,13792,119313,1042,937,92.34,25113,1007,956,1014,25.5714,91.8848
Shimla,2,Himachal Pradesh,169758,13646,147799,818,890,94.67,43353,791,974,819,31.1048145,77.1734033
Shimoga,29,Karnataka,322428,31626,255971,991,961,88.02,37463,921,927,715,13.9299299,75.568101
Shivpuri,23,Madhya Pradesh,179972,22683,124641,890,879,79.24,22320,728,817,617,25.4357869,77.665066
Sikar,8,Rajasthan,237579,32189,158413,929,868,77.13,20786,733,780,506,27.6094,75.139911
Silchar,18,Assam,172709,15467,144255,989,939,91.74,22274,947,952,751,24.8332708,92.7789054
Siliguri,19,West Bengal,509709,48250,394366,951,928,85.46,65003,879,922,689,26.7271012,88.3952861
Singrauli,23,Madhya Pradesh,220295,29569,147527,878,915,77.35,18047,678,777,549,24.1992101,82.6645469
Sirsa,6,Haryana,183282,20161,135435,893,806,83.03,24453,786,869,814,29.5335931,75.0177029
Sitapur,9,Uttar Pradesh,177351,18529,131995,899,877,83.11,28003,828,919,779,27.5325072,80.8986502
Siwan,10,Bihar,134458,17632,98898,903,868,84.65,14545,761,838,495,26.2196205,84.3566593
Solapur,27,Maharashtra,951118,104466,710180,972,909,83.88,88638,819,835,636,17.6599188,75.9063906
Sonipat,6,Haryana,277053,30809,215609,873,788,87.56,46858,769,870,824,28.9287735,77.091281
South Dum Dum,19,West Bengal,410524,26900,356092,987,959,92.82,102942,941,951,776,22.6059435,88.3967536
Srikakulam,28,Andhra Pradesh,126003,11001,97904,1013,935,85.13,21745,881,863,539,18.4285005,84.0167423
Srinagar,1,Jammu & Kashmir,1192792,148178,741441,888,869,70.98,135783,728,818,790,34.0836708,74.7972825
Sujangarh,8,Rajasthan,101528,14723,64716,950,894,74.55,5284,706,736,442,27.7044756,74.4642861
Sultan Pur Majra,7,Nct Of Delhi,181624,24254,125557,896,889,79.78,7390,732,817,566,28.6958531,77.0805496
Sultanpur,9,Uttar Pradesh,107914,11266,85656,904,886,88.63,20475,832,918,687,26.2647757,82.0727061
Surat,24,Gujarat,4462002,531522,3499228,758,813,89.03,278795,680,906,736,21.1702401,72.8310607
Surendranagar Dudhrej,24,Gujarat,177827,18599,135879,918,863,85.34,17558,790,854,665,22.7201319,71.649536
Suryapet,28,Andhra Pradesh,105250,9388,81366,1019,947,84.88,14203,885,863,497,17.1353148,79.6333674
Tadepalligudem,28,Andhra Pradesh,103577,9048,78557,1024,941,83.1,11527,950,920,588,16.8138415,81.521241
Tadpatri,28,Andhra Pradesh,108249,11325,69948,1004,948,72.17,8618,758,750,495,14.9070274,78.0092703
Tambaram,33,Tamil Nadu,176807,16048,150667,947,1019,93.72,35148,897,955,795,12.9229153,80.1274558
Tenali,28,Andhra Pradesh,164649,13040,125275,1025,967,82.63,22433,928,901,627,16.2395313,80.6493396
Thane,27,Maharashtra,1818872,186259,1491552,882,900,91.36,241148,823,935,866,19.2183307,72.9780897
Thanesar,6,Haryana,154962,15594,119482,852,856,85.73,32979,766,899,812,29.9696148,76.8197522
Thanjavur,33,Tamil Nadu,222619,18584,186643,1037,940,91.48,33652,970,928,820,10.7869994,79.1378274
Thiruvananthapuram,32,Kerala,752490,61619,647479,1064,978,93.72,151257,1045,975,1078,8.5241391,76.9366376
Thoothukkudi,33,Tamil Nadu,237374,23443,202105,1011,976,94.47,31795,974,959,925,8.7641661,78.1348361
Thrissur,32,Kerala,315596,25252,282338,1076,950,97.24,53535,1065,979,1194,10.5276416,76.2144349
Tiruchirappalli,33,Tamil Nadu,846915,74381,705492,1025,964,91.32,123329,959,930,814,10.7904833,78.7046725
Tirunelveli,33,Tamil Nadu,474838,43988,391972,1024,954,90.98,59397,945,916,771,8.7139126,77.7566523
Tirupati,28,Andhra Pradesh,287035,24643,229730,966,915,87.55,55454,860,886,603,13.6287557,79.4191795
Tiruppur,33,Tamil Nadu,444543,45091,350206,954,957,87.67,33358,848,889,809,11.1085242,77.3410656
Tiruvannamalai,33,Tamil Nadu,144683,14530,106256,1000,960,81.64,16502,911,907,709,12.2252841,79.0746957
Tiruvottiyur,33,Tamil Nadu,248059,24007,197646,987,970,88.21,25781,915,925,910,13.1691914,80.3045793
Titagarh,19,West Bengal,118426,10816,87356,852,888,81.18,5643,727,857,447,22.7382665,88.3737064
Tonk,8,Rajasthan,165363,23122,98819,947,883,69.47,11776,728,760,562,26.1620402,75.7894716
Tumkur,29,Karnataka,305821,29655,237424,968,947,85.97,42163,916,944,645,13.3709627,76.6412712
Udaipur,8,Rajasthan,451735,47352,366598,925,869,90.66,92090,832,893,789,24.585445,73.712479
Udgir,27,Maharashtra,104063,13075,78051,911,886,85.78,9924,793,867,438,18.3942882,77.1126009
Udupi,29,Karnataka,125350,10283,108041,1021,917,93.89,22444,975,946,902,13.3408807,74.7421427
Ujjain,23,Madhya Pradesh,515215,57630,391470,942,921,85.55,72743,825,873,747,23.1793013,75.7849097
Ulhasnagar,27,Maharashtra,506937,48513,408959,875,903,89.21,43561,793,910,886,19.2215115,73.1644628
Uluberia,19,West Bengal,222175,25187,159826,946,939,81.13,11384,853,901,573,22.4744363,88.1000377
Unnao,9,Uttar Pradesh,178681,18604,134018,899,870,83.72,27220,825,914,737,26.5393449,80.4878195
Uttarpara Kotrung,19,West Bengal,162386,11140,137869,961,916,91.16,35773,915,949,705,22.6768451,88.3385053
Vadodara,24,Gujarat,1666703,156480,1394952,923,856,92.37,279959,866,931,826,22.3071588,73.1812187
Valsad,24,Gujarat,114987,9609,97687,950,877,92.7,18980,898,938,828,20.5992349,72.9342451
Varanasi,9,Uttar Pradesh,1201815,129180,859379,887,879,80.12,172622,798,899,701,25.3176452,82.9739144
Vasai Virar City,27,Maharashtra,1221233,137343,987916,880,915,91.15,129954,802,916,856,19.3919275,72.8397317
Vellore,33,Tamil Nadu,185895,18363,145192,1032,973,86.67,15592,927,892,749,12.9165167,79.1324986
Veraval,24,Gujarat,153696,17107,106540,966,900,78.0,10089,779,799,615,20.9158979,70.3628516
Vidisha,23,Madhya Pradesh,155959,19360,118678,915,913,86.88,22023,803,877,671,23.5251102,77.8081363
Vijayawada,28,Andhra Pradesh,1048240,92848,789038,997,951,82.59,135425,916,915,668,16.5061743,80.6480153
Visakhapatnam,28,Andhra Pradesh,1730320,158924,1298896,977,959,82.66,250549,858,876,683,17.6868,83.2185
Vizianagaram,28,Andhra Pradesh,227533,20487,169461,1039,952,81.85,30656,900,859,598,18.1066576,83.3955506
Warangal,28,Andhra Pradesh,620116,55392,475247,998,948,84.16,109613,841,838,577,17.9689008,79.5940544
Wardha,27,Maharashtra,105543,9754,90091,982,898,94.05,19363,926,935,818,20.745319,78.6021946
Yamunanagar,6,Haryana,216628,22905,166419,877,824,85.91,29803,805,911,1077,30.1290485,77.2673901
Yavatmal,27,Maharashtra,116714,11081,96980,988,880,91.81,13511,923,923,826,20.3887937,78.1204073
